page	src	url	status
Home.html	./Assets/Park-Images/EPCOT/epcot-spaceship-earth.jpg	https://rodrigofalco.github.io/disney-universal-kb/Assets/Park-Images/EPCOT/epcot-spaceship-earth.jpg	200
index.html	./Assets/Park-Images/EPCOT/epcot-spaceship-earth.jpg	https://rodrigofalco.github.io/disney-universal-kb/Assets/Park-Images/EPCOT/epcot-spaceship-earth.jpg	200
Disney/Parks/Disney's-Hollywood-Studios.html	../.././../Assets/Park-Images/Hollywood-Studios/hollywood-studios-tower-of-terror.jpg	https://rodrigofalco.github.io/Assets/Park-Images/Hollywood-Studios/hollywood-studios-tower-of-terror.jpg	404
Disney/Parks/Disney's-Animal-Kingdom.html	../.././../Assets/Park-Images/Animal-Kingdom/animal-kingdom-tree-of-life.jpg	https://rodrigofalco.github.io/Assets/Park-Images/Animal-Kingdom/animal-kingdom-tree-of-life.jpg	404
Disney/Parks/EPCOT.html	../.././../Assets/Park-Images/EPCOT/epcot-spaceship-earth.jpg	https://rodrigofalco.github.io/Assets/Park-Images/EPCOT/epcot-spaceship-earth.jpg	404
Disney/Parks/Magic-Kingdom.html	../.././../Assets/Park-Images/Magic-Kingdom/space-mountain-magic-kingdom.jpg	https://rodrigofalco.github.io/Assets/Park-Images/Magic-Kingdom/space-mountain-magic-kingdom.jpg	404
Disney/Resorts/Disney's-Pop-Century-Resort.html	../.././../Assets/Resort-Images/Pop-Century/pop-century-resort.png	https://rodrigofalco.github.io/Assets/Resort-Images/Pop-Century/pop-century-resort.png	404
Disney/Parks/EPCOT/index.html	../.././../Assets/Park-Images/EPCOT/epcot-spaceship-earth.jpg	https://rodrigofalco.github.io/disney-universal-kb/Assets/Park-Images/EPCOT/epcot-spaceship-earth.jpg	200
Disney/Parks/Disney's-Hollywood-Studios/index.html	../.././../Assets/Park-Images/Hollywood-Studios/hollywood-studios-tower-of-terror.jpg	https://rodrigofalco.github.io/disney-universal-kb/Assets/Park-Images/Hollywood-Studios/hollywood-studios-tower-of-terror.jpg	200
Disney/Parks/Magic-Kingdom/index.html	../.././../Assets/Park-Images/Magic-Kingdom/space-mountain-magic-kingdom.jpg	https://rodrigofalco.github.io/disney-universal-kb/Assets/Park-Images/Magic-Kingdom/space-mountain-magic-kingdom.jpg	200
Disney/Parks/Disney's-Animal-Kingdom/index.html	../.././../Assets/Park-Images/Animal-Kingdom/animal-kingdom-tree-of-life.jpg	https://rodrigofalco.github.io/disney-universal-kb/Assets/Park-Images/Animal-Kingdom/animal-kingdom-tree-of-life.jpg	200
Disney/Parks/EPCOT/Attractions/Journey-of-Water,-Inspired-by-Moana.html	../../../.././../../../Assets/Attraction-Images/EPCOT/journey-of-water-inspired-by-moana.png	https://rodrigofalco.github.io/Assets/Attraction-Images/EPCOT/journey-of-water-inspired-by-moana.png	404
Disney/Parks/EPCOT/Attractions/Turtle-Talk-with-Crush.html	../../../.././../../../Assets/Attraction-Images/EPCOT/turtle-talk-with-crush.jpg	https://rodrigofalco.github.io/Assets/Attraction-Images/EPCOT/turtle-talk-with-crush.jpg	404
Disney/Parks/EPCOT/Attractions/Spaceship-Earth.html	../../../.././../../../Assets/Attraction-Images/EPCOT/spaceship-earth.jpg	https://rodrigofalco.github.io/Assets/Attraction-Images/EPCOT/spaceship-earth.jpg	404
Disney/Parks/EPCOT/Attractions/Guardians-of-the-Galaxy---Cosmic-Rewind.html	../../../.././../../../../Assets/Attraction-Images/EPCOT/guardians-cosmic-rewind.jpg	https://rodrigofalco.github.io/Assets/Attraction-Images/EPCOT/guardians-cosmic-rewind.jpg	404
Disney/Parks/EPCOT/Attractions/Living-with-the-Land.html	../../../.././../../../../Assets/Attraction-Images/EPCOT/living-with-the-land.jpg	https://rodrigofalco.github.io/Assets/Attraction-Images/EPCOT/living-with-the-land.jpg	404
Disney/Parks/EPCOT/Attractions/Soarin'-Around-the-World.html	../../../.././../../../Assets/Attraction-Images/EPCOT/soarin-around-the-world.jpg	https://rodrigofalco.github.io/Assets/Attraction-Images/EPCOT/soarin-around-the-world.jpg	404
Disney/Parks/EPCOT/Attractions/Frozen-Ever-After.html	../../../.././../../../../Assets/Attraction-Images/EPCOT/frozen-ever-after.jpg	https://rodrigofalco.github.io/Assets/Attraction-Images/EPCOT/frozen-ever-after.jpg	404
Disney/Parks/EPCOT/Attractions/Gran-Fiesta-Tour-Starring-The-Three-Caballeros.html	../../../.././../../../../Assets/Attraction-Images/EPCOT/gran-fiesta-tour.jpg	https://rodrigofalco.github.io/Assets/Attraction-Images/EPCOT/gran-fiesta-tour.jpg	404
Disney/Parks/EPCOT/Attractions/Ranked.html	../../../.././../../../Assets/Attraction-Images/EPCOT/ranked.jpg	https://rodrigofalco.github.io/Assets/Attraction-Images/EPCOT/ranked.jpg	404
Disney/Parks/EPCOT/Attractions/Luminous---The-Symphony-of-Us.html	../../../.././../../../../Assets/Attraction-Images/EPCOT/luminous.jpg	https://rodrigofalco.github.io/Assets/Attraction-Images/EPCOT/luminous.jpg	404
Disney/Parks/EPCOT/Attractions/Mission---SPACE-Orange.html	../../../.././../../../Assets/Attraction-Images/EPCOT/mission-space-orange.jpg	https://rodrigofalco.github.io/Assets/Attraction-Images/EPCOT/mission-space-orange.jpg	404
Disney/Parks/EPCOT/Attractions/Remy's-Ratatouille-Adventure.html	../../../.././../../../Assets/Attraction-Images/EPCOT/remys-ratatouille-adventure.jpg	https://rodrigofalco.github.io/Assets/Attraction-Images/EPCOT/remys-ratatouille-adventure.jpg	404
Disney/Parks/EPCOT/Attractions/Test-Track.html	../../../.././../../../Assets/Attraction-Images/EPCOT/test-track.png	https://rodrigofalco.github.io/Assets/Attraction-Images/EPCOT/test-track.png	404
Disney/Parks/Disney's-Hollywood-Studios/Attractions/Toy-Story-Mania!.html	../../../.././../../../Assets/Attraction-Images/Hollywood-Studios/toy-story-mania.jpg	https://rodrigofalco.github.io/Assets/Attraction-Images/Hollywood-Studios/toy-story-mania.jpg	404
Disney/Parks/Disney's-Hollywood-Studios/Attractions/Star-Tours---The-Adventures-Continue.html	../../../.././../../../Assets/Attraction-Images/Hollywood-Studios/star-tours-the-adventures-continue.jpg	https://rodrigofalco.github.io/Assets/Attraction-Images/Hollywood-Studios/star-tours-the-adventures-continue.jpg	404
Disney/Parks/Disney's-Hollywood-Studios/Attractions/Indiana-Jones-Epic-Stunt-Spectacular!.html	../../../.././../../../../Assets/Attraction-Images/Hollywood-Studios/indiana-jones-epic-stunt-spectacular.jpg	https://rodrigofalco.github.io/Assets/Attraction-Images/Hollywood-Studios/indiana-jones-epic-stunt-spectacular.jpg	404
Disney/Parks/Disney's-Hollywood-Studios/Attractions/Slinky-Dog-Dash.html	../../../.././../../../../Assets/Attraction-Images/Hollywood-Studios/slinky-dog-dash.jpg	https://rodrigofalco.github.io/Assets/Attraction-Images/Hollywood-Studios/slinky-dog-dash.jpg	404
Disney/Parks/Disney's-Hollywood-Studios/Attractions/Ranked.html	../../../.././../../../Assets/Attraction-Images/Hollywood-Studios/ranked.jpg	https://rodrigofalco.github.io/Assets/Attraction-Images/Hollywood-Studios/ranked.jpg	404
Disney/Parks/Disney's-Hollywood-Studios/Attractions/The-Twilight-Zone-Tower-of-Terror.html	../../../.././../../../Assets/Attraction-Images/Hollywood-Studios/the-twilight-zone-tower-of-terror.jpg	https://rodrigofalco.github.io/Assets/Attraction-Images/Hollywood-Studios/the-twilight-zone-tower-of-terror.jpg	404
Disney/Parks/Disney's-Hollywood-Studios/Attractions/Millennium-Falcon---Smugglers-Run.html	../../../.././../../../Assets/Attraction-Images/Hollywood-Studios/millennium-falcon-smugglers-run.jpg	https://rodrigofalco.github.io/Assets/Attraction-Images/Hollywood-Studios/millennium-falcon-smugglers-run.jpg	404
Disney/Parks/Disney's-Hollywood-Studios/Attractions/Fantasmic!.html	../../../.././../../../Assets/Attraction-Images/Hollywood-Studios/fantasmic.jpg	https://rodrigofalco.github.io/Assets/Attraction-Images/Hollywood-Studios/fantasmic.jpg	404
Disney/Parks/Disney's-Hollywood-Studios/Attractions/Star-Wars---Rise-of-the-Resistance.html	../../../.././../../../Assets/Attraction-Images/Hollywood-Studios/star-wars-rise-of-the-resistance.jpg	https://rodrigofalco.github.io/Assets/Attraction-Images/Hollywood-Studios/star-wars-rise-of-the-resistance.jpg	404
Disney/Parks/Disney's-Hollywood-Studios/Attractions/Mickey--and--Minnie's-Runaway-Railway.html	../../../.././../../../Assets/Attraction-Images/Hollywood-Studios/mickey-and-minnies-runaway-railway.jpg	https://rodrigofalco.github.io/Assets/Attraction-Images/Hollywood-Studios/mickey-and-minnies-runaway-railway.jpg	404
Disney/Parks/Disney's-Hollywood-Studios/Attractions/For-the-First-Time-in-Forever---A-Frozen-Sing-Along-Celebration.html	../../../.././../../../Assets/Attraction-Images/Hollywood-Studios/for-the-first-time-in-forever-a-frozen-sing-along-celebration.jpg	https://rodrigofalco.github.io/Assets/Attraction-Images/Hollywood-Studios/for-the-first-time-in-forever-a-frozen-sing-along-celebration.jpg	404
Disney/Parks/Disney's-Hollywood-Studios/Attractions/Rock-'n'-Roller-Coaster.html	../../../.././../../../../Assets/Attraction-Images/Hollywood-Studios/rock-n-roller-coaster.jpg	https://rodrigofalco.github.io/Assets/Attraction-Images/Hollywood-Studios/rock-n-roller-coaster.jpg	404
Disney/Parks/Magic-Kingdom/Attractions/Tomorrowland-Transit-Authority-PeopleMover.html	../../../.././../../../../Assets/Attraction-Images/Magic-Kingdom/peoplemover.jpg	https://rodrigofalco.github.io/Assets/Attraction-Images/Magic-Kingdom/peoplemover.jpg	404
Disney/Parks/Magic-Kingdom/Attractions/Tiana's-Bayou-Adventure.html	../../../.././../../../Assets/Attraction-Images/Magic-Kingdom/tianas-bayou-adventure.jpg	https://rodrigofalco.github.io/Assets/Attraction-Images/Magic-Kingdom/tianas-bayou-adventure.jpg	404
Disney/Parks/Magic-Kingdom/Attractions/Dumbo-the-Flying-Elephant.html	../../../.././../../../Assets/Attraction-Images/Magic-Kingdom/dumbo-the-flying-elephant.jpg	https://rodrigofalco.github.io/Assets/Attraction-Images/Magic-Kingdom/dumbo-the-flying-elephant.jpg	404
Disney/Parks/Magic-Kingdom/Attractions/Buzz-Lightyear's-Space-Ranger-Spin.html	../../../.././../../../../Assets/Attraction-Images/Magic-Kingdom/buzz-lightyear-space-ranger-spin.jpg	https://rodrigofalco.github.io/Assets/Attraction-Images/Magic-Kingdom/buzz-lightyear-space-ranger-spin.jpg	404
Disney/Parks/Magic-Kingdom/Attractions/The-Hall-of-Presidents.html	../../../.././../../../../Assets/Attraction-Images/Magic-Kingdom/hall-of-presidents.jpg	https://rodrigofalco.github.io/Assets/Attraction-Images/Magic-Kingdom/hall-of-presidents.jpg	404
Disney/Parks/Magic-Kingdom/Attractions/Space-Mountain.html	../../../.././../../../../Assets/Attraction-Images/Magic-Kingdom/space-mountain.jpg	https://rodrigofalco.github.io/Assets/Attraction-Images/Magic-Kingdom/space-mountain.jpg	404
Disney/Parks/Magic-Kingdom/Attractions/it's-a-small-world.html	../../../.././../../../../Assets/Attraction-Images/Magic-Kingdom/its-a-small-world.jpg	https://rodrigofalco.github.io/Assets/Attraction-Images/Magic-Kingdom/its-a-small-world.jpg	404
Disney/Parks/Magic-Kingdom/Attractions/TRON-Lightcycle-----Run.html	../../../.././../../../Assets/Attraction-Images/Magic-Kingdom/tron-lightcycle-run.jpg	https://rodrigofalco.github.io/Assets/Attraction-Images/Magic-Kingdom/tron-lightcycle-run.jpg	404
Disney/Parks/Magic-Kingdom/Attractions/Ranked.html	../../../.././../../../Assets/Attraction-Images/Magic-Kingdom/ranked.jpg	https://rodrigofalco.github.io/Assets/Attraction-Images/Magic-Kingdom/ranked.jpg	404
Disney/Parks/Magic-Kingdom/Attractions/Mickey's-PhilharMagic.html	../../../.././../../../Assets/Attraction-Images/Magic-Kingdom/mickeys-philharmagic.jpg	https://rodrigofalco.github.io/Assets/Attraction-Images/Magic-Kingdom/mickeys-philharmagic.jpg	404
Disney/Parks/Magic-Kingdom/Attractions/Monsters,-Inc.-Laugh-Floor.html	../../../.././../../../Assets/Attraction-Images/Magic-Kingdom/monsters-inc-laugh-floor.jpg	https://rodrigofalco.github.io/Assets/Attraction-Images/Magic-Kingdom/monsters-inc-laugh-floor.jpg	404
Disney/Parks/Magic-Kingdom/Attractions/Big-Thunder-Mountain-Railroad.html	../../../.././../../../../Assets/Attraction-Images/Magic-Kingdom/big-thunder-mountain.jpg	https://rodrigofalco.github.io/Assets/Attraction-Images/Magic-Kingdom/big-thunder-mountain.jpg	404
Disney/Parks/Magic-Kingdom/Attractions/Haunted-Mansion.html	../../../.././../../../Assets/Attraction-Images/Magic-Kingdom/haunted-mansion.jpg	https://rodrigofalco.github.io/Assets/Attraction-Images/Magic-Kingdom/haunted-mansion.jpg	404
Disney/Parks/Magic-Kingdom/Attractions/Pirates-of-the-Caribbean.html	../../../.././../../../Assets/Attraction-Images/Magic-Kingdom/pirates-of-the-caribbean.png	https://rodrigofalco.github.io/Assets/Attraction-Images/Magic-Kingdom/pirates-of-the-caribbean.png	404
Disney/Parks/Magic-Kingdom/Attractions/Carousel-of-Progress.html	../../../.././../../../../Assets/Attraction-Images/Magic-Kingdom/carousel-of-progress.jpg	https://rodrigofalco.github.io/Assets/Attraction-Images/Magic-Kingdom/carousel-of-progress.jpg	404
Disney/Parks/Magic-Kingdom/Attractions/Seven-Dwarfs-Mine-Train.html	../../../.././../../../Assets/Attraction-Images/Magic-Kingdom/seven-dwarfs-mine-train.jpg	https://rodrigofalco.github.io/Assets/Attraction-Images/Magic-Kingdom/seven-dwarfs-mine-train.jpg	404
Disney/Parks/Magic-Kingdom/Attractions/Happily-Ever-After.html	../../../.././../../../Assets/Attraction-Images/Magic-Kingdom/happily-ever-after.jpg	https://rodrigofalco.github.io/Assets/Attraction-Images/Magic-Kingdom/happily-ever-after.jpg	404
Disney/Parks/Magic-Kingdom/Attractions/Peter-Pan's-Flight.html	../../../.././../../../Assets/Attraction-Images/Magic-Kingdom/peter-pans-flight.jpg	https://rodrigofalco.github.io/Assets/Attraction-Images/Magic-Kingdom/peter-pans-flight.jpg	404
Disney/Parks/Magic-Kingdom/Attractions/Jungle-Cruise.html	../../../.././../../../../Assets/Attraction-Images/Magic-Kingdom/jungle-cruise.jpg	https://rodrigofalco.github.io/Assets/Attraction-Images/Magic-Kingdom/jungle-cruise.jpg	404
Disney/Parks/Disney's-Animal-Kingdom/Attractions/Maharajah-Jungle-Trek.html	../../../.././../../../../Assets/Attraction-Images/Animal-Kingdom/maharajah-jungle-trek.jpg	https://rodrigofalco.github.io/Assets/Attraction-Images/Animal-Kingdom/maharajah-jungle-trek.jpg	404
Disney/Parks/Disney's-Animal-Kingdom/Attractions/Festival-of-the-Lion-King.html	../../../.././../../../Assets/Attraction-Images/Animal-Kingdom/festival-of-the-lion-king.png	https://rodrigofalco.github.io/Assets/Attraction-Images/Animal-Kingdom/festival-of-the-lion-king.png	404
Disney/Parks/Disney's-Animal-Kingdom/Attractions/Expedition-Everest---Legend-of-the-Forbidden-Mountain.html	../../../.././../../../Assets/Attraction-Images/Animal-Kingdom/expedition-everest-legend-of-the-forbidden-mountain.jpg	https://rodrigofalco.github.io/Assets/Attraction-Images/Animal-Kingdom/expedition-everest-legend-of-the-forbidden-mountain.jpg	404
Disney/Parks/Disney's-Animal-Kingdom/Attractions/Finding-Nemo---The-Big-Blue...-and-Beyond!.html	../../../.././../../../Assets/Attraction-Images/Animal-Kingdom/finding-nemo-the-big-blue-and-beyond.jpg	https://rodrigofalco.github.io/Assets/Attraction-Images/Animal-Kingdom/finding-nemo-the-big-blue-and-beyond.jpg	404
Disney/Parks/Disney's-Animal-Kingdom/Attractions/Gorilla-Falls-Exploration-Trail.html	../../../.././../../../Assets/Attraction-Images/Animal-Kingdom/gorilla-falls-exploration-trail.jpg	https://rodrigofalco.github.io/Assets/Attraction-Images/Animal-Kingdom/gorilla-falls-exploration-trail.jpg	404
Disney/Parks/Disney's-Animal-Kingdom/Attractions/Ranked.html	../../../.././../../../Assets/Attraction-Images/Animal-Kingdom/ranked.jpg	https://rodrigofalco.github.io/Assets/Attraction-Images/Animal-Kingdom/ranked.jpg	404
Disney/Parks/Disney's-Animal-Kingdom/Attractions/Na'vi-River-Journey.html	../../../.././../../../../Assets/Attraction-Images/Animal-Kingdom/navi-river-journey.jpg	https://rodrigofalco.github.io/Assets/Attraction-Images/Animal-Kingdom/navi-river-journey.jpg	404
Disney/Parks/Disney's-Animal-Kingdom/Attractions/Kilimanjaro-Safaris.html	../../../.././../../../Assets/Attraction-Images/Animal-Kingdom/kilimanjaro-safaris.jpg	https://rodrigofalco.github.io/Assets/Attraction-Images/Animal-Kingdom/kilimanjaro-safaris.jpg	404
Disney/Parks/Disney's-Animal-Kingdom/Attractions/Kali-River-Rapids.html	../../../.././../../../../Assets/Attraction-Images/Animal-Kingdom/kali-river-rapids.jpg	https://rodrigofalco.github.io/Assets/Attraction-Images/Animal-Kingdom/kali-river-rapids.jpg	404
Disney/Parks/Disney's-Animal-Kingdom/Attractions/Zootopia---Better-Zoogether!.html	../../../.././../../../Assets/Attraction-Images/Animal-Kingdom/zootopia-better-zoogether.jpg	https://rodrigofalco.github.io/Assets/Attraction-Images/Animal-Kingdom/zootopia-better-zoogether.jpg	404
Disney/Parks/Disney's-Animal-Kingdom/Attractions/Avatar-Flight-of-Passage.html	../../../.././../../../../Assets/Attraction-Images/Animal-Kingdom/avatar-flight-of-passage.jpg	https://rodrigofalco.github.io/Assets/Attraction-Images/Animal-Kingdom/avatar-flight-of-passage.jpg	404
Universal/Parks/Universal-Studios-Florida.html	../.././../Assets/Park-Images/Universal-Studios-Florida/diagon-alley.jpg	https://rodrigofalco.github.io/Assets/Park-Images/Universal-Studios-Florida/diagon-alley.jpg	404
Universal/Parks/Universal-Epic-Universe.html	../.././../Assets/Park-Images/Epic-Universe/stardust-racers.jpg	https://rodrigofalco.github.io/Assets/Park-Images/Epic-Universe/stardust-racers.jpg	404
Universal/Parks/Universal-Islands-of-Adventure.html	../.././../Assets/Park-Images/Islands-of-Adventure/velocicoaster.jpg	https://rodrigofalco.github.io/Assets/Park-Images/Islands-of-Adventure/velocicoaster.jpg	404
Universal/Resorts/Universal's-Endless-Summer-Resort---Surfside-Inn-and-Suites.html	../.././../Assets/Resort-Images/Surfside/surfside-inn-and-suites.png	https://rodrigofalco.github.io/Assets/Resort-Images/Surfside/surfside-inn-and-suites.png	404
Universal/Parks/Universal-Epic-Universe/index.html	../.././../Assets/Park-Images/Epic-Universe/stardust-racers.jpg	https://rodrigofalco.github.io/disney-universal-kb/Assets/Park-Images/Epic-Universe/stardust-racers.jpg	200
Universal/Parks/Universal-Studios-Florida/index.html	../.././../Assets/Park-Images/Universal-Studios-Florida/diagon-alley.jpg	https://rodrigofalco.github.io/disney-universal-kb/Assets/Park-Images/Universal-Studios-Florida/diagon-alley.jpg	200
Universal/Parks/Universal-Islands-of-Adventure/index.html	../.././../Assets/Park-Images/Islands-of-Adventure/velocicoaster.jpg	https://rodrigofalco.github.io/disney-universal-kb/Assets/Park-Images/Islands-of-Adventure/velocicoaster.jpg	200
Universal/Parks/Universal-Epic-Universe/Attractions/Mario-Kart---Bowser's-Challenge.html	../../../.././../../../Assets/Attraction-Images/Epic-Universe/mario-kart-bowsers-challenge.jpg	https://rodrigofalco.github.io/Assets/Attraction-Images/Epic-Universe/mario-kart-bowsers-challenge.jpg	404
Universal/Parks/Universal-Epic-Universe/Attractions/The-Untrainable-Dragon.html	../../../.././../../../Assets/Attraction-Images/Epic-Universe/the-untrainable-dragon.jpg	https://rodrigofalco.github.io/Assets/Attraction-Images/Epic-Universe/the-untrainable-dragon.jpg	404
Universal/Parks/Universal-Epic-Universe/Attractions/Meet-Toothless-and-Friends.html	../../../.././../../../Assets/Attraction-Images/Epic-Universe/meet-toothless-and-friends.jpg	https://rodrigofalco.github.io/Assets/Attraction-Images/Epic-Universe/meet-toothless-and-friends.jpg	404
Universal/Parks/Universal-Epic-Universe/Attractions/Stardust-Racers.html	../../../.././../../../../Assets/Attraction-Images/Epic-Universe/stardust-racers.jpg	https://rodrigofalco.github.io/Assets/Attraction-Images/Epic-Universe/stardust-racers.jpg	404
Universal/Parks/Universal-Epic-Universe/Attractions/Monsters-Unchained---The-Frankenstein-Experiment.html	../../../.././../../../Assets/Attraction-Images/Epic-Universe/monsters-unchained.png	https://rodrigofalco.github.io/Assets/Attraction-Images/Epic-Universe/monsters-unchained.png	404
Universal/Parks/Universal-Epic-Universe/Attractions/Astronomica.html	../../../.././../../../Assets/Attraction-Images/Epic-Universe/astronomica.jpg	https://rodrigofalco.github.io/Assets/Attraction-Images/Epic-Universe/astronomica.jpg	404
Universal/Parks/Universal-Epic-Universe/Attractions/Viking-Training-Camp.html	../../../.././../../../Assets/Attraction-Images/Epic-Universe/viking-training-camp.jpg	https://rodrigofalco.github.io/Assets/Attraction-Images/Epic-Universe/viking-training-camp.jpg	404
Universal/Parks/Universal-Epic-Universe/Attractions/Harry-Potter-and-the-Battle-at-the-Ministry.html	../../../.././../../../Assets/Attraction-Images/Epic-Universe/harry-potter-and-the-battle-at-the-ministry.jpg	https://rodrigofalco.github.io/Assets/Attraction-Images/Epic-Universe/harry-potter-and-the-battle-at-the-ministry.jpg	404
Universal/Parks/Universal-Epic-Universe/Attractions/Yoshi's-Adventure.html	../../../.././../../../../Assets/Attraction-Images/Epic-Universe/yoshis-adventure.jpg	https://rodrigofalco.github.io/Assets/Attraction-Images/Epic-Universe/yoshis-adventure.jpg	404
Universal/Parks/Universal-Epic-Universe/Attractions/Darkmoor-Monster-Makeup-Experience.html	../../../.././../../../Assets/Attraction-Images/Epic-Universe/darkmoor-monster-makeup-experience.jpg	https://rodrigofalco.github.io/Assets/Attraction-Images/Epic-Universe/darkmoor-monster-makeup-experience.jpg	404
Universal/Parks/Universal-Epic-Universe/Attractions/Mine-Cart-Madness.html	../../../.././../../../Assets/Attraction-Images/Epic-Universe/mine-cart-madness.jpg	https://rodrigofalco.github.io/Assets/Attraction-Images/Epic-Universe/mine-cart-madness.jpg	404
Universal/Parks/Universal-Epic-Universe/Attractions/Constellation-Carousel.html	../../../.././../../../Assets/Attraction-Images/Epic-Universe/constellation-carousel.jpg	https://rodrigofalco.github.io/Assets/Attraction-Images/Epic-Universe/constellation-carousel.jpg	404
Universal/Parks/Universal-Epic-Universe/Attractions/Ranked.html	../../../.././../../../Assets/Attraction-Images/Epic-Universe/ranked.jpg	https://rodrigofalco.github.io/Assets/Attraction-Images/Epic-Universe/ranked.jpg	404
Universal/Parks/Universal-Epic-Universe/Attractions/Curse-of-the-Werewolf.html	../../../.././../../../Assets/Attraction-Images/Epic-Universe/curse-of-the-werewolf.jpg	https://rodrigofalco.github.io/Assets/Attraction-Images/Epic-Universe/curse-of-the-werewolf.jpg	404
Universal/Parks/Universal-Epic-Universe/Attractions/Bowser-Jr.-Challenge.html	../../../.././../../../Assets/Attraction-Images/Epic-Universe/bowser-jr-challenge.png	https://rodrigofalco.github.io/Assets/Attraction-Images/Epic-Universe/bowser-jr-challenge.png	404
Universal/Parks/Universal-Epic-Universe/Attractions/Dragon-Racer's-Rally.html	../../../.././../../../Assets/Attraction-Images/Epic-Universe/dragon-racers-rally.jpg	https://rodrigofalco.github.io/Assets/Attraction-Images/Epic-Universe/dragon-racers-rally.jpg	404
Universal/Parks/Universal-Epic-Universe/Attractions/Fyre-Drill.html	../../../.././../../../Assets/Attraction-Images/Epic-Universe/fyre-drill.jpg	https://rodrigofalco.github.io/Assets/Attraction-Images/Epic-Universe/fyre-drill.jpg	404
Universal/Parks/Universal-Epic-Universe/Attractions/Le-Cirque-Arcanus.html	../../../.././../../../Assets/Attraction-Images/Epic-Universe/le-cirque-arcanus.jpg	https://rodrigofalco.github.io/Assets/Attraction-Images/Epic-Universe/le-cirque-arcanus.jpg	404
Universal/Parks/Universal-Epic-Universe/Attractions/The-Cosmos-Fountain.html	../../../.././../../../Assets/Attraction-Images/Epic-Universe/the-cosmos-fountain.jpg	https://rodrigofalco.github.io/Assets/Attraction-Images/Epic-Universe/the-cosmos-fountain.jpg	404
Universal/Parks/Universal-Epic-Universe/Attractions/Hiccup's-Wing-Gliders.html	../../../.././../../../Assets/Attraction-Images/Epic-Universe/hiccups-wing-gliders.jpg	https://rodrigofalco.github.io/Assets/Attraction-Images/Epic-Universe/hiccups-wing-gliders.jpg	404
Universal/Parks/Universal-Studios-Florida/Attractions/The-Blues-Brothers-Show.html	../../../.././../../../../Assets/Attraction-Images/Universal-Studios-Florida/blues-brothers-show.jpg	https://rodrigofalco.github.io/Assets/Attraction-Images/Universal-Studios-Florida/blues-brothers-show.jpg	404
Universal/Parks/Universal-Studios-Florida/Attractions/Revenge-of-the-Mummy.html	../../../.././../../../../Assets/Attraction-Images/Universal-Studios-Florida/revenge-of-the-mummy.jpg	https://rodrigofalco.github.io/Assets/Attraction-Images/Universal-Studios-Florida/revenge-of-the-mummy.jpg	404
Universal/Parks/Universal-Studios-Florida/Attractions/DreamWorks-Imagination-Celebration.html	../../../.././../../../../Assets/Attraction-Images/Universal-Studios-Florida/universal-studios-florida.jpg	https://rodrigofalco.github.io/Assets/Attraction-Images/Universal-Studios-Florida/universal-studios-florida.jpg	404
Universal/Parks/Universal-Studios-Florida/Attractions/Universal-Mega-Movie-Parade.html	../../../.././../../../../Assets/Attraction-Images/Universal-Studios-Florida/universal-studios-florida.jpg	https://rodrigofalco.github.io/Assets/Attraction-Images/Universal-Studios-Florida/universal-studios-florida.jpg	404
Universal/Parks/Universal-Studios-Florida/Attractions/Harry-Potter-and-the-Escape-from-Gringotts.html	../../../.././../../../../Assets/Attraction-Images/Universal-Studios-Florida/diagon-alley.jpg	https://rodrigofalco.github.io/Assets/Attraction-Images/Universal-Studios-Florida/diagon-alley.jpg	404
Universal/Parks/Universal-Studios-Florida/Attractions/MEN-IN-BLACK-Alien-Attack.html	../../../.././../../../../Assets/Attraction-Images/Universal-Studios-Florida/universal-studios-florida.jpg	https://rodrigofalco.github.io/Assets/Attraction-Images/Universal-Studios-Florida/universal-studios-florida.jpg	404
Universal/Parks/Universal-Studios-Florida/Attractions/King-Harold’s-Swamp-Symphony.html	../../../.././../../../../Assets/Attraction-Images/Universal-Studios-Florida/universal-studios-florida.jpg	https://rodrigofalco.github.io/Assets/Attraction-Images/Universal-Studios-Florida/universal-studios-florida.jpg	404
Universal/Parks/Universal-Studios-Florida/Attractions/Mardi-Gras-Parade.html	../../../.././../../../../Assets/Attraction-Images/Universal-Studios-Florida/universal-studios-florida.jpg	https://rodrigofalco.github.io/Assets/Attraction-Images/Universal-Studios-Florida/universal-studios-florida.jpg	404
Universal/Parks/Universal-Studios-Florida/Attractions/Fast--and--Furious---Hollywood-Drift.html	../../../.././../../../../Assets/Attraction-Images/Universal-Studios-Florida/universal-studios-florida.jpg	https://rodrigofalco.github.io/Assets/Attraction-Images/Universal-Studios-Florida/universal-studios-florida.jpg	404
Universal/Parks/Universal-Studios-Florida/Attractions/Shrek’s-Swamp-for-Little-Ogres.html	../../../.././../../../../Assets/Attraction-Images/Universal-Studios-Florida/universal-studios-florida.jpg	https://rodrigofalco.github.io/Assets/Attraction-Images/Universal-Studios-Florida/universal-studios-florida.jpg	404
Universal/Parks/Universal-Studios-Florida/Attractions/Marilyn--and--the-Diamond-Bellas.html	../../../.././../../../../Assets/Attraction-Images/Universal-Studios-Florida/universal-studios-florida.jpg	https://rodrigofalco.github.io/Assets/Attraction-Images/Universal-Studios-Florida/universal-studios-florida.jpg	404
Universal/Parks/Universal-Studios-Florida/Attractions/The-Bourne-Stuntacular.html	../../../.././../../../../Assets/Attraction-Images/Universal-Studios-Florida/universal-studios-florida.jpg	https://rodrigofalco.github.io/Assets/Attraction-Images/Universal-Studios-Florida/universal-studios-florida.jpg	404
Universal/Parks/Universal-Studios-Florida/Attractions/Universal's-Holiday-Parade-featuring-Macy's.html	../../../.././../../../../Assets/Attraction-Images/Universal-Studios-Florida/universal-studios-florida.jpg	https://rodrigofalco.github.io/Assets/Attraction-Images/Universal-Studios-Florida/universal-studios-florida.jpg	404
Universal/Parks/Universal-Studios-Florida/Attractions/Animal-Actors-on-Location!.html	../../../.././../../../../Assets/Attraction-Images/Universal-Studios-Florida/universal-studios-florida.jpg	https://rodrigofalco.github.io/Assets/Attraction-Images/Universal-Studios-Florida/universal-studios-florida.jpg	404
Universal/Parks/Universal-Studios-Florida/Attractions/Transformers---The-Ride-3D.html	../../../.././../../../../Assets/Attraction-Images/Universal-Studios-Florida/universal-studios-florida.jpg	https://rodrigofalco.github.io/Assets/Attraction-Images/Universal-Studios-Florida/universal-studios-florida.jpg	404
Universal/Parks/Universal-Studios-Florida/Attractions/Celestina-Warbeck-and-the-Banshees.html	../../../.././../../../../Assets/Attraction-Images/Universal-Studios-Florida/diagon-alley.jpg	https://rodrigofalco.github.io/Assets/Attraction-Images/Universal-Studios-Florida/diagon-alley.jpg	404
Universal/Parks/Universal-Studios-Florida/Attractions/Po-Live!.html	../../../.././../../../../Assets/Attraction-Images/Universal-Studios-Florida/universal-studios-florida.jpg	https://rodrigofalco.github.io/Assets/Attraction-Images/Universal-Studios-Florida/universal-studios-florida.jpg	404
Universal/Parks/Universal-Studios-Florida/Attractions/Ollivanders-Experience-in-Diagon-Alley.html	../../../.././../../../../Assets/Attraction-Images/Universal-Studios-Florida/diagon-alley.jpg	https://rodrigofalco.github.io/Assets/Attraction-Images/Universal-Studios-Florida/diagon-alley.jpg	404
Universal/Parks/Universal-Studios-Florida/Attractions/Ranked.html	../../../.././../../../Assets/Attraction-Images/Universal-Studios-Florida/ranked.png	https://rodrigofalco.github.io/Assets/Attraction-Images/Universal-Studios-Florida/ranked.png	404
Universal/Parks/Universal-Studios-Florida/Attractions/Fast--and--Furious-–-Supercharged.html	../../../.././../../../../Assets/Attraction-Images/Universal-Studios-Florida/universal-studios-florida.jpg	https://rodrigofalco.github.io/Assets/Attraction-Images/Universal-Studios-Florida/universal-studios-florida.jpg	404
Universal/Parks/Universal-Studios-Florida/Attractions/Hogwarts-Express---King's-Cross-Station.html	../../../.././../../../../Assets/Attraction-Images/Universal-Studios-Florida/diagon-alley.jpg	https://rodrigofalco.github.io/Assets/Attraction-Images/Universal-Studios-Florida/diagon-alley.jpg	404
Universal/Parks/Universal-Studios-Florida/Attractions/Mardi-Gras-Live-Concerts.html	../../../.././../../../../Assets/Attraction-Images/Universal-Studios-Florida/universal-studios-florida.jpg	https://rodrigofalco.github.io/Assets/Attraction-Images/Universal-Studios-Florida/universal-studios-florida.jpg	404
Universal/Parks/Universal-Studios-Florida/Attractions/Kang--and--Kodos'-Twirl-'n'-Hurl.html	../../../.././../../../../Assets/Attraction-Images/Universal-Studios-Florida/kang-kodos.jpg	https://rodrigofalco.github.io/Assets/Attraction-Images/Universal-Studios-Florida/kang-kodos.jpg	404
Universal/Parks/Universal-Studios-Florida/Attractions/Illumination-Theater.html	../../../.././../../../../Assets/Attraction-Images/Universal-Studios-Florida/despicable-me.png	https://rodrigofalco.github.io/Assets/Attraction-Images/Universal-Studios-Florida/despicable-me.png	404
Universal/Parks/Universal-Studios-Florida/Attractions/Universal-Orlando's-Horror-Make-Up-Show.html	../../../.././../../../../Assets/Attraction-Images/Universal-Studios-Florida/horror-make-up-show.jpg	https://rodrigofalco.github.io/Assets/Attraction-Images/Universal-Studios-Florida/horror-make-up-show.jpg	404
Universal/Parks/Universal-Studios-Florida/Attractions/Diagon-Alley.html	../../../.././../../../../Assets/Attraction-Images/Universal-Studios-Florida/diagon-alley.jpg	https://rodrigofalco.github.io/Assets/Attraction-Images/Universal-Studios-Florida/diagon-alley.jpg	404
Universal/Parks/Universal-Studios-Florida/Attractions/Illumination's-Villain-Con-Minion-Blast.html	../../../.././../../../../Assets/Attraction-Images/Universal-Studios-Florida/despicable-me.png	https://rodrigofalco.github.io/Assets/Attraction-Images/Universal-Studios-Florida/despicable-me.png	404
Universal/Parks/Universal-Studios-Florida/Attractions/E.T.-Adventure.html	../../../.././../../../../Assets/Attraction-Images/Universal-Studios-Florida/et-adventure.png	https://rodrigofalco.github.io/Assets/Attraction-Images/Universal-Studios-Florida/et-adventure.png	404
Universal/Parks/Universal-Studios-Florida/Attractions/Mama-Luna-Feline-Fiesta.html	../../../.././../../../../Assets/Attraction-Images/Universal-Studios-Florida/universal-studios-florida.jpg	https://rodrigofalco.github.io/Assets/Attraction-Images/Universal-Studios-Florida/universal-studios-florida.jpg	404
Universal/Parks/Universal-Studios-Florida/Attractions/CineSational---A-Symphonic-Spectacular.html	../../../.././../../../../Assets/Attraction-Images/Universal-Studios-Florida/universal-studios-florida.jpg	https://rodrigofalco.github.io/Assets/Attraction-Images/Universal-Studios-Florida/universal-studios-florida.jpg	404
Universal/Parks/Universal-Studios-Florida/Attractions/Despicable-Me---Minion-Mayhem.html	../../../.././../../../../Assets/Attraction-Images/Universal-Studios-Florida/despicable-me.png	https://rodrigofalco.github.io/Assets/Attraction-Images/Universal-Studios-Florida/despicable-me.png	404
Universal/Parks/Universal-Studios-Florida/Attractions/Po’s-Kung-Fu-Training-Camp.html	../../../.././../../../../Assets/Attraction-Images/Universal-Studios-Florida/universal-studios-florida.jpg	https://rodrigofalco.github.io/Assets/Attraction-Images/Universal-Studios-Florida/universal-studios-florida.jpg	404
Universal/Parks/Universal-Studios-Florida/Attractions/Beat-Builders.html	../../../.././../../../../Assets/Attraction-Images/Universal-Studios-Florida/universal-studios-florida.jpg	https://rodrigofalco.github.io/Assets/Attraction-Images/Universal-Studios-Florida/universal-studios-florida.jpg	404
Universal/Parks/Universal-Studios-Florida/Attractions/The-Simpsons-Ride.html	../../../.././../../../../Assets/Attraction-Images/Universal-Studios-Florida/simpsons-ride.jpg	https://rodrigofalco.github.io/Assets/Attraction-Images/Universal-Studios-Florida/simpsons-ride.jpg	404
Universal/Parks/Universal-Studios-Florida/Attractions/Race-Through-New-York-Starring-Jimmy-Fallon.html	../../../.././../../../../Assets/Attraction-Images/Universal-Studios-Florida/jimmy-fallon.png	https://rodrigofalco.github.io/Assets/Attraction-Images/Universal-Studios-Florida/jimmy-fallon.png	404
Universal/Parks/Universal-Studios-Florida/Attractions/¡Vamos!-–-Báilalo.html	../../../.././../../../../Assets/Attraction-Images/Universal-Studios-Florida/universal-studios-florida.jpg	https://rodrigofalco.github.io/Assets/Attraction-Images/Universal-Studios-Florida/universal-studios-florida.jpg	404
Universal/Parks/Universal-Studios-Florida/Attractions/Trolls-Trollercoaster.html	../../../.././../../../../Assets/Attraction-Images/Universal-Studios-Florida/universal-studios-florida.jpg	https://rodrigofalco.github.io/Assets/Attraction-Images/Universal-Studios-Florida/universal-studios-florida.jpg	404
Universal/Parks/Universal-Studios-Florida/Attractions/The-Tales-of-Beedle-the-Bard.html	../../../.././../../../../Assets/Attraction-Images/Universal-Studios-Florida/tales-of-beedle-the-bard.jpg	https://rodrigofalco.github.io/Assets/Attraction-Images/Universal-Studios-Florida/tales-of-beedle-the-bard.jpg	404
Universal/Parks/Universal-Studios-Florida/Attractions/Shrek’s-Swamp-Meet.html	../../../.././../../../../Assets/Attraction-Images/Universal-Studios-Florida/universal-studios-florida.jpg	https://rodrigofalco.github.io/Assets/Attraction-Images/Universal-Studios-Florida/universal-studios-florida.jpg	404
Universal/Parks/Universal-Studios-Florida/Attractions/Poppy’s-Playground.html	../../../.././../../../../Assets/Attraction-Images/Universal-Studios-Florida/universal-studios-florida.jpg	https://rodrigofalco.github.io/Assets/Attraction-Images/Universal-Studios-Florida/universal-studios-florida.jpg	404
Universal/Parks/Universal-Islands-of-Adventure/Attractions/Triwizard-Spirit-Rally.html	../../../.././../../../Assets/Attraction-Images/Islands-of-Adventure/triwizard-spirit-rally.jpg	https://rodrigofalco.github.io/Assets/Attraction-Images/Islands-of-Adventure/triwizard-spirit-rally.jpg	404
Universal/Parks/Universal-Islands-of-Adventure/Attractions/Skull-Island---Reign-of-Kong.html	../../../.././../../../Assets/Attraction-Images/Islands-of-Adventure/skull-island-reign-of-kong.jpg	https://rodrigofalco.github.io/Assets/Attraction-Images/Islands-of-Adventure/skull-island-reign-of-kong.jpg	404
Universal/Parks/Universal-Islands-of-Adventure/Attractions/Frog-Choir.html	../../../.././../../../Assets/Attraction-Images/Islands-of-Adventure/frog-choir.jpg	https://rodrigofalco.github.io/Assets/Attraction-Images/Islands-of-Adventure/frog-choir.jpg	404
Universal/Parks/Universal-Islands-of-Adventure/Attractions/One-Fish,-Two-Fish,-Red-Fish,-Blue-Fish.html	../../../.././../../../Assets/Attraction-Images/Islands-of-Adventure/one-fish-two-fish-red-fish-blue-fish.jpg	https://rodrigofalco.github.io/Assets/Attraction-Images/Islands-of-Adventure/one-fish-two-fish-red-fish-blue-fish.jpg	404
Universal/Parks/Universal-Islands-of-Adventure/Attractions/The-Incredible-Hulk-Coaster.html	../../../.././../../../../Assets/Attraction-Images/Islands-of-Adventure/hulk-coaster.jpg	https://rodrigofalco.github.io/Assets/Attraction-Images/Islands-of-Adventure/hulk-coaster.jpg	404
Universal/Parks/Universal-Islands-of-Adventure/Attractions/Camp-Jurassic.html	../../../.././../../../Assets/Attraction-Images/Islands-of-Adventure/camp-jurassic.jpg	https://rodrigofalco.github.io/Assets/Attraction-Images/Islands-of-Adventure/camp-jurassic.jpg	404
Universal/Parks/Universal-Islands-of-Adventure/Attractions/The-Mystic-Fountain.html	../../../.././../../../Assets/Attraction-Images/Islands-of-Adventure/the-mystic-fountain.jpg	https://rodrigofalco.github.io/Assets/Attraction-Images/Islands-of-Adventure/the-mystic-fountain.jpg	404
Universal/Parks/Universal-Islands-of-Adventure/Attractions/If-I-Ran-the-Zoo.html	../../../.././../../../Assets/Attraction-Images/Islands-of-Adventure/if-i-ran-the-zoo.jpg	https://rodrigofalco.github.io/Assets/Attraction-Images/Islands-of-Adventure/if-i-ran-the-zoo.jpg	404
Universal/Parks/Universal-Islands-of-Adventure/Attractions/Pteranodon-Flyers.html	../../../.././../../../Assets/Attraction-Images/Islands-of-Adventure/pteranodon-flyers.jpg	https://rodrigofalco.github.io/Assets/Attraction-Images/Islands-of-Adventure/pteranodon-flyers.jpg	404
Universal/Parks/Universal-Islands-of-Adventure/Attractions/Dudley-Do-Right's-Ripsaw-Falls.html	../../../.././../../../Assets/Attraction-Images/Islands-of-Adventure/dudley-do-rights-ripsaw-falls.jpg	https://rodrigofalco.github.io/Assets/Attraction-Images/Islands-of-Adventure/dudley-do-rights-ripsaw-falls.jpg	404
Universal/Parks/Universal-Islands-of-Adventure/Attractions/Harry-Potter-and-the-Forbidden-Journey.html	../../../.././../../../../Assets/Attraction-Images/Islands-of-Adventure/forbidden-journey-castle.jpg	https://rodrigofalco.github.io/Assets/Attraction-Images/Islands-of-Adventure/forbidden-journey-castle.jpg	404
Universal/Parks/Universal-Islands-of-Adventure/Attractions/Doctor-Doom's-Fearfall.html	../../../.././../../../Assets/Attraction-Images/Islands-of-Adventure/doctor-dooms-fearfall.jpg	https://rodrigofalco.github.io/Assets/Attraction-Images/Islands-of-Adventure/doctor-dooms-fearfall.jpg	404
Universal/Parks/Universal-Islands-of-Adventure/Attractions/Raptor-Encounter.html	../../../.././../../../Assets/Attraction-Images/Islands-of-Adventure/raptor-encounter.jpg	https://rodrigofalco.github.io/Assets/Attraction-Images/Islands-of-Adventure/raptor-encounter.jpg	404
Universal/Parks/Universal-Islands-of-Adventure/Attractions/Ranked.html	../../../.././../../../Assets/Attraction-Images/Islands-of-Adventure/ranked.png	https://rodrigofalco.github.io/Assets/Attraction-Images/Islands-of-Adventure/ranked.png	404
Universal/Parks/Universal-Islands-of-Adventure/Attractions/Hagrid's-Magical-Creatures-Motorbike-Adventure.html	../../../.././../../../../Assets/Attraction-Images/Islands-of-Adventure/hagrids-motorbike-adventure.jpg	https://rodrigofalco.github.io/Assets/Attraction-Images/Islands-of-Adventure/hagrids-motorbike-adventure.jpg	404
Universal/Parks/Universal-Islands-of-Adventure/Attractions/Flight-of-the-Hippogriff.html	../../../.././../../../../Assets/Attraction-Images/Islands-of-Adventure/flight-of-the-hippogriff.jpg	https://rodrigofalco.github.io/Assets/Attraction-Images/Islands-of-Adventure/flight-of-the-hippogriff.jpg	404
Universal/Parks/Universal-Islands-of-Adventure/Attractions/Jurassic-World-VelociCoaster.html	../../../.././../../../../Assets/Attraction-Images/Islands-of-Adventure/velocicoaster.jpg	https://rodrigofalco.github.io/Assets/Attraction-Images/Islands-of-Adventure/velocicoaster.jpg	404
Universal/Parks/Universal-Islands-of-Adventure/Attractions/Popeye--and--Bluto's-Bilge-Rat-Barges.html	../../../.././../../../../Assets/Attraction-Images/Islands-of-Adventure/popeye-bilge-rat-barges.jpg	https://rodrigofalco.github.io/Assets/Attraction-Images/Islands-of-Adventure/popeye-bilge-rat-barges.jpg	404
Universal/Parks/Universal-Islands-of-Adventure/Attractions/Dark-Arts-at-Hogwarts-Castle.html	../../../.././../../../Assets/Attraction-Images/Islands-of-Adventure/dark-arts-at-hogwarts-castle.jpg	https://rodrigofalco.github.io/Assets/Attraction-Images/Islands-of-Adventure/dark-arts-at-hogwarts-castle.jpg	404
Universal/Parks/Universal-Islands-of-Adventure/Attractions/Oh!-The-Stories-You'll-Hear!.html	../../../.././../../../Assets/Attraction-Images/Islands-of-Adventure/oh-the-stories-youll-hear.jpg	https://rodrigofalco.github.io/Assets/Attraction-Images/Islands-of-Adventure/oh-the-stories-youll-hear.jpg	404
Universal/Parks/Universal-Islands-of-Adventure/Attractions/The-Cat-in-the-Hat.html	../../../.././../../../Assets/Attraction-Images/Islands-of-Adventure/the-cat-in-the-hat.jpg	https://rodrigofalco.github.io/Assets/Attraction-Images/Islands-of-Adventure/the-cat-in-the-hat.jpg	404
Universal/Parks/Universal-Islands-of-Adventure/Attractions/The-High-in-the-Sky-Seuss-Trolley-Train-Ride!.html	../../../.././../../../Assets/Attraction-Images/Islands-of-Adventure/the-high-in-the-sky-seuss-trolley-train-ride.jpg	https://rodrigofalco.github.io/Assets/Attraction-Images/Islands-of-Adventure/the-high-in-the-sky-seuss-trolley-train-ride.jpg	404
Universal/Parks/Universal-Islands-of-Adventure/Attractions/Me-Ship,-The-Olive.html	../../../.././../../../Assets/Attraction-Images/Islands-of-Adventure/me-ship-the-olive.jpg	https://rodrigofalco.github.io/Assets/Attraction-Images/Islands-of-Adventure/me-ship-the-olive.jpg	404
Universal/Parks/Universal-Islands-of-Adventure/Attractions/Ollivanders-Experience-in-Hogsmeade.html	../../../.././../../../Assets/Attraction-Images/Islands-of-Adventure/ollivanders-experience-in-hogsmeade.jpg	https://rodrigofalco.github.io/Assets/Attraction-Images/Islands-of-Adventure/ollivanders-experience-in-hogsmeade.jpg	404
Universal/Parks/Universal-Islands-of-Adventure/Attractions/Hogwarts-Express---Hogsmeade-Station.html	../../../.././../../../Assets/Attraction-Images/Islands-of-Adventure/hogwarts-express-hogsmeade-station.jpg	https://rodrigofalco.github.io/Assets/Attraction-Images/Islands-of-Adventure/hogwarts-express-hogsmeade-station.jpg	404
Universal/Parks/Universal-Islands-of-Adventure/Attractions/Hogwarts-Always.html	../../../.././../../../Assets/Attraction-Images/Islands-of-Adventure/hogwarts-always.png	https://rodrigofalco.github.io/Assets/Attraction-Images/Islands-of-Adventure/hogwarts-always.png	404
Universal/Parks/Universal-Islands-of-Adventure/Attractions/Caro-Seuss-el.html	../../../.././../../../Assets/Attraction-Images/Islands-of-Adventure/caro-seuss-el.jpg	https://rodrigofalco.github.io/Assets/Attraction-Images/Islands-of-Adventure/caro-seuss-el.jpg	404
Universal/Parks/Universal-Islands-of-Adventure/Attractions/Jurassic-Park-River-Adventure.html	../../../.././../../../Assets/Attraction-Images/Islands-of-Adventure/jurassic-park-river-adventure.jpg	https://rodrigofalco.github.io/Assets/Attraction-Images/Islands-of-Adventure/jurassic-park-river-adventure.jpg	404
Universal/Parks/Universal-Islands-of-Adventure/Attractions/The-Grinchmas-Who-liday-Spectacular.html	../../../.././../../../Assets/Attraction-Images/Islands-of-Adventure/the-grinchmas-who-liday-spectacular.jpg	https://rodrigofalco.github.io/Assets/Attraction-Images/Islands-of-Adventure/the-grinchmas-who-liday-spectacular.jpg	404
Universal/Parks/Universal-Islands-of-Adventure/Attractions/The-Magic-of-Christmas-at-Hogwarts-Castle.html	../../../.././../../../Assets/Attraction-Images/Islands-of-Adventure/the-magic-of-christmas-at-hogwarts-castle.jpg	https://rodrigofalco.github.io/Assets/Attraction-Images/Islands-of-Adventure/the-magic-of-christmas-at-hogwarts-castle.jpg	404
Universal/Parks/Universal-Islands-of-Adventure/Attractions/Storm-Force-Accelatron.html	../../../.././../../../../Assets/Attraction-Images/Islands-of-Adventure/storm-force-accelatron.jpg	https://rodrigofalco.github.io/Assets/Attraction-Images/Islands-of-Adventure/storm-force-accelatron.jpg	404
Universal/Parks/Universal-Islands-of-Adventure/Attractions/The-Amazing-Adventures-of-Spider-Man.html	../../../.././../../../../Assets/Attraction-Images/Islands-of-Adventure/spider-man.jpg	https://rodrigofalco.github.io/Assets/Attraction-Images/Islands-of-Adventure/spider-man.jpg	404
